"dep","dur","mem","wday","temp","prec","rushhour"
2021-05-28 07:56:26,2573,0,"Friday",7.8,0,1
2021-05-28 07:04:16,602,0,"Friday",7.8,0,1
2021-05-21 07:50:03,1131,0,"Friday",25.3,0,1
2021-05-28 08:36:47,782,0,"Friday",7.8,0,1
2021-05-07 08:50:12,690,0,"Friday",9.7,0,1
2021-05-07 11:03:24,969,0,"Friday",9.7,0,3
2021-05-07 14:41:19,481,0,"Friday",9.7,0,3
2021-05-14 19:27:44,499,0,"Friday",17.8,0,3
2021-05-28 22:38:20,1790,0,"Friday",7.8,0,3
2021-05-21 12:18:40,3523,0,"Friday",25.3,0,3
2021-05-07 18:57:56,3201,0,"Friday",9.7,0,2
2021-05-21 16:32:49,1534,0,"Friday",25.3,0,2
2021-05-21 18:58:04,528,0,"Friday",25.3,0,2
2021-05-28 16:50:32,580,0,"Friday",7.8,0,2
2021-05-28 18:33:13,857,0,"Friday",7.8,0,2
2021-06-18 08:42:55,1202,0,"Friday",21.2,4.8,1
2021-06-04 08:19:07,1632,0,"Friday",22,0,1
2021-06-11 09:44:54,654,0,"Friday",19.7,0.2,1
2021-06-18 09:50:50,658,0,"Friday",21.2,4.8,1
2021-06-18 09:05:33,1225,0,"Friday",21.2,4.8,1
2021-06-18 12:21:41,995,0,"Friday",21.2,4.8,3
2021-06-04 19:33:39,929,0,"Friday",22,0,3
2021-06-18 02:45:41,2439,0,"Friday",21.2,4.8,3
2021-06-25 01:34:52,548,0,"Friday",22.2,0,3
2021-06-11 12:47:56,4963,0,"Friday",19.7,0.2,3
2021-06-18 16:32:37,570,0,"Friday",21.2,4.8,2
2021-06-25 15:01:29,1616,0,"Friday",22.2,0,2
2021-06-11 18:16:18,3170,0,"Friday",19.7,0.2,2
2021-06-18 15:34:11,2168,0,"Friday",21.2,4.8,2
2021-06-04 18:09:43,1103,0,"Friday",22,0,2
2021-07-02 08:48:29,723,0,"Friday",17.6,0,1
2021-07-02 09:13:38,537,0,"Friday",17.6,0,1
2021-07-02 08:02:43,888,0,"Friday",17.6,0,1
2021-07-23 08:45:19,788,0,"Friday",21,0,1
2021-07-09 08:50:06,509,0,"Friday",18.1,0,1
2021-07-02 10:41:10,965,0,"Friday",17.6,0,3
2021-07-23 03:41:42,721,0,"Friday",21,0,3
2021-07-02 12:25:01,765,0,"Friday",17.6,0,3
2021-07-02 19:12:15,1976,0,"Friday",17.6,0,3
2021-07-09 23:19:24,241,0,"Friday",18.1,0,3
2021-07-23 15:48:38,248,0,"Friday",21,0,2
2021-07-02 17:20:33,1344,0,"Friday",17.6,0,2
2021-07-23 15:51:03,2018,0,"Friday",21,0,2
2021-07-02 15:23:43,368,0,"Friday",17.6,0,2
2021-07-23 18:43:21,1198,0,"Friday",21,0,2
2021-08-27 07:29:32,701,0,"Friday",21.2,0,1
2021-08-27 07:05:13,419,0,"Friday",21.2,0,1
2021-08-20 09:35:26,985,0,"Friday",25.9,0,1
2021-08-27 09:38:43,1231,0,"Friday",21.2,0,1
2021-08-27 08:47:12,952,0,"Friday",21.2,0,1
2021-08-27 13:09:08,1196,0,"Friday",21.2,0,3
2021-08-13 11:57:38,2294,0,"Friday",27,0.2,3
2021-08-27 21:11:35,754,0,"Friday",21.2,0,3
2021-08-27 13:15:29,1027,0,"Friday",21.2,0,3
2021-08-13 10:10:28,713,0,"Friday",27,0.2,3
2021-08-13 16:51:31,1644,0,"Friday",27,0.2,2
2021-08-20 16:42:47,3479,0,"Friday",25.9,0,2
2021-08-20 15:22:38,432,0,"Friday",25.9,0,2
2021-08-06 18:56:00,1924,0,"Friday",25.1,0.2,2
2021-08-27 15:40:18,1806,0,"Friday",21.2,0,2
2021-09-10 08:55:24,514,0,"Friday",17.1,0.3,1
2021-09-17 08:50:25,303,0,"Friday",19.8,0,1
2021-09-10 09:10:51,652,0,"Friday",17.1,0.3,1
2021-09-10 08:34:13,2577,0,"Friday",17.1,0.3,1
2021-09-17 09:19:45,743,0,"Friday",19.8,0,1
2021-09-17 01:59:17,1394,0,"Friday",19.8,0,3
2021-09-03 19:07:47,1207,0,"Friday",18,0,3
2021-09-24 21:42:40,701,0,"Friday",18.3,26.5,3
2021-09-03 12:03:46,1091,0,"Friday",18,0,3
2021-09-03 11:31:04,880,0,"Friday",18,0,3
2021-09-03 17:46:24,299,0,"Friday",18,0,2
2021-09-24 15:03:12,1858,0,"Friday",18.3,26.5,2
2021-09-24 15:31:21,590,0,"Friday",18.3,26.5,2
2021-09-03 17:47:12,401,0,"Friday",18,0,2
2021-09-10 15:59:51,1243,0,"Friday",17.1,0.3,2
2021-10-22 09:46:49,892,0,"Friday",8.7,13.8,1
2021-10-22 08:23:42,504,0,"Friday",8.7,13.8,1
2021-10-01 06:30:44,230,0,"Friday",12.5,0,1
2021-10-15 08:25:11,187,0,"Friday",18.4,0,1
2021-10-01 06:44:49,334,0,"Friday",12.5,0,1
2021-10-15 19:31:12,554,0,"Friday",18.4,0,3
2021-10-29 11:30:39,249,0,"Friday",7.8,0,3
2021-10-15 02:11:57,3366,0,"Friday",18.4,0,3
2021-10-15 19:46:01,233,0,"Friday",18.4,0,3
2021-10-29 14:27:43,1863,0,"Friday",7.8,0,3
2021-10-29 17:07:29,582,0,"Friday",7.8,0,2
2021-10-08 18:02:25,1391,0,"Friday",15.4,0,2
2021-10-08 15:42:55,1567,0,"Friday",15.4,0,2
2021-10-15 16:32:08,371,0,"Friday",18.4,0,2
2021-10-22 18:24:30,1203,0,"Friday",8.7,13.8,2
2021-05-17 09:35:41,625,0,"Monday",17.9,0.2,1
2021-05-24 08:18:55,2608,0,"Monday",14.4,0,1
2021-05-03 09:12:02,1667,0,"Monday",7.6,0,1
2021-05-24 09:23:39,374,0,"Monday",14.4,0,1
2021-05-31 07:27:18,904,0,"Monday",15.7,0,1
2021-05-17 19:01:33,800,0,"Monday",17.9,0.2,3
2021-05-17 19:17:30,1795,0,"Monday",17.9,0.2,3
2021-05-17 21:40:13,1182,0,"Monday",17.9,0.2,3
2021-05-03 14:20:42,2574,0,"Monday",7.6,0,3
2021-05-17 19:54:27,147,0,"Monday",17.9,0.2,3
2021-05-17 17:49:29,643,0,"Monday",17.9,0.2,2
2021-05-24 18:02:26,935,0,"Monday",14.4,0,2
2021-05-10 17:15:53,3946,0,"Monday",11.4,0,2
2021-05-17 16:51:55,733,0,"Monday",17.9,0.2,2
2021-05-24 17:38:17,3058,0,"Monday",14.4,0,2
2021-06-21 08:18:37,1161,0,"Monday",24.1,2.9,1
2021-06-07 09:53:21,552,0,"Monday",27.6,0,1
2021-06-14 08:49:40,321,0,"Monday",20.6,7.8,1
2021-06-14 09:19:42,990,0,"Monday",20.6,7.8,1
2021-06-07 07:53:24,545,0,"Monday",27.6,0,1
2021-06-07 23:04:49,497,0,"Monday",27.6,0,3
2021-06-07 10:57:31,2279,0,"Monday",27.6,0,3
2021-06-21 19:30:45,714,0,"Monday",24.1,2.9,3
2021-06-14 22:41:16,1218,0,"Monday",20.6,7.8,3
2021-06-14 21:48:34,3843,0,"Monday",20.6,7.8,3
2021-06-07 15:40:42,1221,0,"Monday",27.6,0,2
2021-06-07 17:23:09,631,0,"Monday",27.6,0,2
2021-06-14 15:21:03,818,0,"Monday",20.6,7.8,2
2021-06-28 17:05:12,771,0,"Monday",27,2.3,2
2021-06-07 18:09:59,828,0,"Monday",27.6,0,2
2021-07-05 07:24:39,715,0,"Monday",20.2,0,1
2021-07-12 09:04:29,626,0,"Monday",23.1,0,1
2021-07-26 09:55:39,1652,0,"Monday",23.5,0,1
2021-07-05 06:49:50,581,0,"Monday",20.2,0,1
2021-07-26 09:04:38,267,0,"Monday",23.5,0,1
2021-07-12 14:07:32,785,0,"Monday",23.1,0,3
2021-07-05 20:51:57,540,0,"Monday",20.2,0,3
2021-07-12 10:33:08,1127,0,"Monday",23.1,0,3
2021-07-05 14:13:59,2644,0,"Monday",20.2,0,3
2021-07-05 22:51:09,190,0,"Monday",20.2,0,3
2021-07-12 15:17:21,777,0,"Monday",23.1,0,2
2021-07-19 17:18:02,1414,0,"Monday",23.3,0,2
2021-07-19 17:14:54,887,0,"Monday",23.3,0,2
2021-07-05 18:02:04,525,0,"Monday",20.2,0,2
2021-07-26 18:36:19,733,0,"Monday",23.5,0,2
2021-08-09 09:01:01,748,0,"Monday",25.2,0.2,1
2021-08-23 09:15:42,1015,0,"Monday",26.7,0,1
2021-08-09 09:19:50,590,0,"Monday",25.2,0.2,1
2021-08-09 09:46:11,917,0,"Monday",25.2,0.2,1
2021-08-02 09:16:24,213,0,"Monday",18.8,0,1
2021-08-23 00:13:03,1303,0,"Monday",26.7,0,3
2021-08-02 13:15:43,489,0,"Monday",18.8,0,3
2021-08-02 12:45:52,931,0,"Monday",18.8,0,3
2021-08-23 00:57:34,1547,0,"Monday",26.7,0,3
2021-08-30 20:08:57,567,0,"Monday",24.8,5.3,3
2021-08-09 17:54:06,560,0,"Monday",25.2,0.2,2
2021-08-23 17:34:33,1168,0,"Monday",26.7,0,2
2021-08-16 15:44:32,667,0,"Monday",19.5,0,2
2021-08-16 18:23:00,1223,0,"Monday",19.5,0,2
2021-08-02 18:55:43,1028,0,"Monday",18.8,0,2
2021-09-27 06:33:40,1183,0,"Monday",13.6,3.1,1
2021-09-13 07:01:14,558,0,"Monday",17.3,0.2,1
2021-09-27 09:14:58,664,0,"Monday",13.6,3.1,1
2021-09-13 09:08:06,929,0,"Monday",17.3,0.2,1
2021-09-06 09:11:28,1062,0,"Monday",17.4,6.3,1
2021-09-20 12:46:57,606,0,"Monday",17.3,0,3
2021-09-06 21:10:05,1967,0,"Monday",17.4,6.3,3
2021-09-06 20:40:36,1335,0,"Monday",17.4,6.3,3
2021-09-06 19:33:48,234,0,"Monday",17.4,6.3,3
2021-09-06 10:31:39,1042,0,"Monday",17.4,6.3,3
2021-09-20 17:26:51,431,0,"Monday",17.3,0,2
2021-09-13 17:44:35,1436,0,"Monday",17.3,0.2,2
2021-09-20 17:45:22,804,0,"Monday",17.3,0,2
2021-09-20 15:35:05,1115,0,"Monday",17.3,0,2
2021-09-13 15:30:57,3058,0,"Monday",17.3,0.2,2
2021-10-04 08:30:53,478,0,"Monday",12.2,0,1
2021-10-04 08:42:41,397,0,"Monday",12.2,0,1
2021-10-18 08:47:54,567,0,"Monday",9.7,0.7,1
2021-10-25 08:38:58,188,0,"Monday",6.5,0.5,1
2021-10-18 08:53:48,159,0,"Monday",9.7,0.7,1
2021-10-11 19:42:33,532,0,"Monday",18.4,0,3
2021-10-11 00:17:52,930,0,"Monday",18.4,0,3
2021-10-18 00:07:23,386,0,"Monday",9.7,0.7,3
2021-10-18 20:05:50,735,0,"Monday",9.7,0.7,3
2021-10-11 04:37:54,552,0,"Monday",18.4,0,3
2021-10-04 18:07:25,1127,0,"Monday",12.2,0,2
2021-10-18 16:24:47,962,0,"Monday",9.7,0.7,2
2021-10-25 16:04:05,1212,0,"Monday",6.5,0.5,2
2021-10-25 17:41:04,209,0,"Monday",6.5,0.5,2
2021-10-18 15:07:45,889,0,"Monday",9.7,0.7,2
2021-05-29 08:47:43,1898,0,"Saturday",11.4,0,1
2021-05-29 09:35:05,1114,0,"Saturday",11.4,0,1
2021-05-01 08:19:59,659,0,"Saturday",5.9,0,1
2021-05-15 07:10:11,749,0,"Saturday",17.7,0.2,1
2021-05-22 08:52:53,420,0,"Saturday",23.6,0.3,1
2021-05-22 13:56:25,915,0,"Saturday",23.6,0.3,3
2021-05-15 19:41:53,3471,0,"Saturday",17.7,0.2,3
2021-05-15 12:01:41,1698,0,"Saturday",17.7,0.2,3
2021-05-29 14:33:31,411,0,"Saturday",11.4,0,3
2021-05-29 01:34:25,1541,0,"Saturday",11.4,0,3
2021-05-29 16:30:33,1765,0,"Saturday",11.4,0,2
2021-05-15 17:17:24,514,0,"Saturday",17.7,0.2,2
2021-05-01 17:11:37,2602,0,"Saturday",5.9,0,2
2021-05-01 16:49:30,1344,0,"Saturday",5.9,0,2
2021-05-22 15:50:55,605,0,"Saturday",23.6,0.3,2
2021-06-05 07:24:13,257,0,"Saturday",22.4,14.2,1
2021-06-12 09:25:56,1035,0,"Saturday",19.3,0,1
2021-06-12 06:07:41,484,0,"Saturday",19.3,0,1
2021-06-12 09:46:51,567,0,"Saturday",19.3,0,1
2021-06-19 07:49:45,751,0,"Saturday",20.7,1.9,1
2021-06-26 02:30:48,805,0,"Saturday",21.4,20.8,3
2021-06-26 11:23:41,1486,0,"Saturday",21.4,20.8,3
2021-06-12 22:31:05,1042,0,"Saturday",19.3,0,3
2021-06-19 19:20:32,579,0,"Saturday",20.7,1.9,3
2021-06-12 23:04:35,1422,0,"Saturday",19.3,0,3
2021-06-19 18:16:56,744,0,"Saturday",20.7,1.9,2
2021-06-19 15:22:16,1788,0,"Saturday",20.7,1.9,2
2021-06-12 16:30:46,1643,0,"Saturday",19.3,0,2
2021-06-05 16:53:09,457,0,"Saturday",22.4,14.2,2
2021-06-26 18:50:35,919,0,"Saturday",21.4,20.8,2
2021-07-31 09:43:08,1102,0,"Saturday",17.9,0,1
2021-07-17 09:07:07,3479,0,"Saturday",21.7,0,1
2021-07-10 06:52:00,1776,0,"Saturday",19,0,1
2021-07-17 09:35:15,801,0,"Saturday",21.7,0,1
2021-07-10 09:32:51,882,0,"Saturday",19,0,1
2021-07-03 01:45:01,298,0,"Saturday",16.5,0,3
2021-07-03 12:46:21,6807,0,"Saturday",16.5,0,3
2021-07-31 19:57:48,2150,0,"Saturday",17.9,0,3
2021-07-10 01:09:48,2613,0,"Saturday",19,0,3
2021-07-24 22:34:11,715,0,"Saturday",21.9,0.6,3
2021-07-31 15:18:36,1919,0,"Saturday",17.9,0,2
2021-07-31 18:30:09,205,0,"Saturday",17.9,0,2
2021-07-10 15:47:27,623,0,"Saturday",19,0,2
2021-07-17 17:21:26,930,0,"Saturday",21.7,0,2
2021-07-17 17:19:03,1191,0,"Saturday",21.7,0,2
2021-08-21 09:59:59,1396,0,"Saturday",27.5,0,1
2021-08-21 08:45:06,781,0,"Saturday",27.5,0,1
2021-08-28 08:41:56,963,0,"Saturday",18.9,0,1
2021-08-21 09:19:28,492,0,"Saturday",27.5,0,1
2021-08-07 08:52:39,650,0,"Saturday",23.6,0.8,1
2021-08-28 23:26:58,1911,0,"Saturday",18.9,0,3
2021-08-14 14:56:24,890,0,"Saturday",20.9,0.2,3
2021-08-14 20:35:19,2319,0,"Saturday",20.9,0.2,3
2021-08-14 19:53:43,404,0,"Saturday",20.9,0.2,3
2021-08-28 20:26:15,888,0,"Saturday",18.9,0,3
2021-08-21 15:26:31,1902,0,"Saturday",27.5,0,2
2021-08-07 17:46:07,1245,0,"Saturday",23.6,0.8,2
2021-08-21 15:37:34,779,0,"Saturday",27.5,0,2
2021-08-21 17:17:29,241,0,"Saturday",27.5,0,2
2021-08-07 17:02:12,1376,0,"Saturday",23.6,0.8,2
2021-09-25 08:50:08,339,0,"Saturday",16.7,0,1
2021-09-25 08:55:11,810,0,"Saturday",16.7,0,1
2021-09-25 08:22:08,1281,0,"Saturday",16.7,0,1
2021-09-25 09:37:00,1965,0,"Saturday",16.7,0,1
2021-09-04 07:57:35,1646,0,"Saturday",19,0,1
2021-09-11 12:34:14,626,0,"Saturday",18.4,0,3
2021-09-25 21:45:56,668,0,"Saturday",16.7,0,3
2021-09-04 10:01:47,1325,0,"Saturday",19,0,3
2021-09-11 02:04:15,3104,0,"Saturday",18.4,0,3
2021-09-11 21:49:04,1043,0,"Saturday",18.4,0,3
2021-09-11 16:42:09,957,0,"Saturday",18.4,0,2
2021-09-04 17:49:09,804,0,"Saturday",19,0,2
2021-09-11 18:39:15,1098,0,"Saturday",18.4,0,2
2021-09-25 16:05:48,499,0,"Saturday",16.7,0,2
2021-09-18 16:36:51,413,0,"Saturday",18.7,0,2
2021-10-23 08:05:39,157,0,"Saturday",4.9,0,1
2021-10-23 09:29:10,283,0,"Saturday",4.9,0,1
2021-10-09 08:17:13,3080,0,"Saturday",16,0,1
2021-10-30 08:58:56,582,0,"Saturday",8.2,11.6,1
2021-10-16 09:27:55,660,0,"Saturday",15.8,18.7,1
2021-10-23 01:55:35,460,0,"Saturday",4.9,0,3
2021-10-23 01:57:17,495,0,"Saturday",4.9,0,3
2021-10-16 23:54:46,175,0,"Saturday",15.8,18.7,3
2021-10-09 14:21:17,412,0,"Saturday",16,0,3
2021-10-23 10:47:48,976,0,"Saturday",4.9,0,3
2021-10-09 15:28:15,634,0,"Saturday",16,0,2
2021-10-09 15:09:07,331,0,"Saturday",16,0,2
2021-10-23 16:44:48,2554,0,"Saturday",4.9,0,2
2021-10-30 16:23:55,123,0,"Saturday",8.2,11.6,2
2021-10-30 15:47:02,235,0,"Saturday",8.2,11.6,2
2021-05-16 09:12:04,607,0,"Sunday",15.8,0.3,1
2021-05-23 07:37:44,1168,0,"Sunday",15.8,0.5,1
2021-05-09 08:46:01,809,0,"Sunday",11.4,0,1
2021-05-16 08:43:42,178,0,"Sunday",15.8,0.3,1
2021-05-30 07:39:50,1174,0,"Sunday",13.6,0.9,1
2021-05-09 11:55:32,3231,0,"Sunday",11.4,0,3
2021-05-02 13:39:00,1629,0,"Sunday",10,0,3
2021-05-16 19:25:00,795,0,"Sunday",15.8,0.3,3
2021-05-23 21:23:08,1317,0,"Sunday",15.8,0.5,3
2021-05-09 20:01:10,1267,0,"Sunday",11.4,0,3
2021-05-02 17:59:05,827,0,"Sunday",10,0,2
2021-05-09 17:21:49,1484,0,"Sunday",11.4,0,2
2021-05-16 18:14:03,677,0,"Sunday",15.8,0.3,2
2021-05-30 15:10:43,2916,0,"Sunday",13.6,0.9,2
2021-05-16 18:34:13,2628,0,"Sunday",15.8,0.3,2
2021-06-06 08:57:23,1766,0,"Sunday",24.5,0,1
2021-06-06 09:25:33,1554,0,"Sunday",24.5,0,1
2021-06-13 07:06:22,2588,0,"Sunday",21.6,2.8,1
2021-06-20 07:46:45,881,0,"Sunday",21.8,0,1
2021-06-06 09:05:15,114,0,"Sunday",24.5,0,1
2021-06-27 00:45:46,227,0,"Sunday",26.9,0,3
2021-06-06 14:39:39,1070,0,"Sunday",24.5,0,3
2021-06-13 20:38:20,2672,0,"Sunday",21.6,2.8,3
2021-06-13 13:09:14,447,0,"Sunday",21.6,2.8,3
2021-06-13 11:08:03,1187,0,"Sunday",21.6,2.8,3
2021-06-13 16:46:19,1334,0,"Sunday",21.6,2.8,2
2021-06-06 18:12:06,734,0,"Sunday",24.5,0,2
2021-06-20 17:12:20,1104,0,"Sunday",21.8,0,2
2021-06-27 15:07:34,2016,0,"Sunday",26.9,0,2
2021-06-20 18:47:59,3203,0,"Sunday",21.8,0,2
2021-07-11 09:28:22,264,0,"Sunday",21,0,1
2021-07-18 07:03:16,1706,0,"Sunday",21.8,0,1
2021-07-04 09:25:36,245,0,"Sunday",18.4,0,1
2021-07-11 07:55:47,336,0,"Sunday",21,0,1
2021-07-11 09:38:47,1005,0,"Sunday",21,0,1
2021-07-25 23:16:05,452,0,"Sunday",22.8,13.9,3
2021-07-25 20:21:52,1338,0,"Sunday",22.8,13.9,3
2021-07-11 00:34:06,1538,0,"Sunday",21,0,3
2021-07-25 10:42:10,1147,0,"Sunday",22.8,13.9,3
2021-07-25 20:20:20,3982,0,"Sunday",22.8,13.9,3
2021-07-04 18:04:26,1043,0,"Sunday",18.4,0,2
2021-07-25 17:16:27,576,0,"Sunday",22.8,13.9,2
2021-07-18 17:58:17,1503,0,"Sunday",21.8,0,2
2021-07-04 17:47:27,233,0,"Sunday",18.4,0,2
2021-07-18 17:02:13,1129,0,"Sunday",21.8,0,2
2021-08-22 07:58:04,1366,0,"Sunday",28.2,0,1
2021-08-08 07:57:24,788,0,"Sunday",24,0,1
2021-08-01 08:06:08,336,0,"Sunday",16.9,0,1
2021-08-22 08:44:39,363,0,"Sunday",28.2,0,1
2021-08-22 09:48:45,778,0,"Sunday",28.2,0,1
2021-08-15 00:57:05,974,0,"Sunday",18.2,0,3
2021-08-08 22:30:59,248,0,"Sunday",24,0,3
2021-08-01 02:03:16,577,0,"Sunday",16.9,0,3
2021-08-22 12:05:08,3155,0,"Sunday",28.2,0,3
2021-08-22 00:07:02,998,0,"Sunday",28.2,0,3
2021-08-15 16:37:19,2078,0,"Sunday",18.2,0,2
2021-08-01 15:32:49,1027,0,"Sunday",16.9,0,2
2021-08-08 16:28:17,1393,0,"Sunday",24,0,2
2021-08-22 16:25:06,1051,0,"Sunday",28.2,0,2
2021-08-29 15:18:53,1434,0,"Sunday",19.3,6.5,2
2021-09-05 08:58:11,1276,0,"Sunday",19.5,13.6,1
2021-09-12 09:35:53,1468,0,"Sunday",19.1,0,1
2021-09-12 09:17:55,938,0,"Sunday",19.1,0,1
2021-09-05 09:58:35,757,0,"Sunday",19.5,13.6,1
2021-09-12 09:50:51,1650,0,"Sunday",19.1,0,1
2021-09-05 23:33:43,564,0,"Sunday",19.5,13.6,3
2021-09-26 01:05:51,794,0,"Sunday",16.7,0,3
2021-09-12 04:22:41,833,0,"Sunday",19.1,0,3
2021-09-05 12:46:16,924,0,"Sunday",19.5,13.6,3
2021-09-12 01:44:59,1158,0,"Sunday",19.1,0,3
2021-09-26 17:04:18,439,0,"Sunday",16.7,0,2
2021-09-19 15:38:21,1287,0,"Sunday",15.4,0,2
2021-09-19 18:42:14,1063,0,"Sunday",15.4,0,2
2021-09-05 15:09:24,3220,0,"Sunday",19.5,13.6,2
2021-09-26 17:38:55,548,0,"Sunday",16.7,0,2
2021-10-24 09:08:54,545,0,"Sunday",7.3,0,1
2021-10-03 08:19:34,771,0,"Sunday",13,0.7,1
2021-10-10 08:44:43,1602,0,"Sunday",16.2,0,1
2021-10-17 08:52:31,1226,0,"Sunday",11.1,0.2,1
2021-10-10 08:15:08,1837,0,"Sunday",16.2,0,1
2021-10-10 12:29:24,400,0,"Sunday",16.2,0,3
2021-10-17 00:54:19,612,0,"Sunday",11.1,0.2,3
2021-10-17 02:31:40,715,0,"Sunday",11.1,0.2,3
2021-10-24 12:30:40,592,0,"Sunday",7.3,0,3
2021-10-03 21:15:54,509,0,"Sunday",13,0.7,3
2021-10-03 18:42:35,549,0,"Sunday",13,0.7,2
2021-10-17 18:24:57,1513,0,"Sunday",11.1,0.2,2
2021-10-24 15:10:25,923,0,"Sunday",7.3,0,2
2021-10-03 17:02:27,587,0,"Sunday",13,0.7,2
2021-10-03 15:30:42,570,0,"Sunday",13,0.7,2
2021-05-13 09:21:21,1240,0,"Thursday",13.4,0,1
2021-05-06 06:16:28,796,0,"Thursday",10.2,0,1
2021-05-06 08:20:21,479,0,"Thursday",10.2,0,1
2021-05-27 07:07:15,258,0,"Thursday",11.5,0,1
2021-05-13 09:54:09,1184,0,"Thursday",13.4,0,1
2021-05-20 13:44:25,5799,0,"Thursday",23.4,0,3
2021-05-13 19:34:19,378,0,"Thursday",13.4,0,3
2021-05-06 19:03:19,868,0,"Thursday",10.2,0,3
2021-05-27 19:51:19,229,0,"Thursday",11.5,0,3
2021-05-20 20:50:00,553,0,"Thursday",23.4,0,3
2021-05-20 15:26:16,1912,0,"Thursday",23.4,0,2
2021-05-06 15:06:50,1146,0,"Thursday",10.2,0,2
2021-05-20 18:46:25,1003,0,"Thursday",23.4,0,2
2021-05-13 15:17:04,1351,0,"Thursday",13.4,0,2
2021-05-20 16:53:28,2285,0,"Thursday",23.4,0,2
2021-06-10 08:13:08,914,0,"Thursday",18.5,0,1
2021-06-10 09:49:54,487,0,"Thursday",18.5,0,1
2021-06-17 07:50:06,1827,0,"Thursday",18.2,0,1
2021-06-10 08:38:40,745,0,"Thursday",18.5,0,1
2021-06-24 09:19:20,1680,0,"Thursday",20.4,0,1
2021-06-24 02:51:29,3137,0,"Thursday",20.4,0,3
2021-06-24 10:55:05,1344,0,"Thursday",20.4,0,3
2021-06-17 23:57:15,478,0,"Thursday",18.2,0,3
2021-06-24 19:10:39,1096,0,"Thursday",20.4,0,3
2021-06-17 14:53:02,663,0,"Thursday",18.2,0,3
2021-06-17 18:39:49,894,0,"Thursday",18.2,0,2
2021-06-24 17:08:29,3038,0,"Thursday",20.4,0,2
2021-06-10 15:52:04,442,0,"Thursday",18.5,0,2
2021-06-24 15:25:44,2318,0,"Thursday",20.4,0,2
2021-06-17 16:11:48,684,0,"Thursday",18.2,0,2
2021-07-22 07:00:09,444,0,"Thursday",19.6,0,1
2021-07-29 09:00:41,3210,0,"Thursday",17.7,0.7,1
2021-07-08 07:34:46,871,0,"Thursday",17.2,16.1,1
2021-07-29 08:05:20,594,0,"Thursday",17.7,0.7,1
2021-07-15 09:47:16,1967,0,"Thursday",25.3,3.2,1
2021-07-22 01:39:33,771,0,"Thursday",19.6,0,3
2021-07-29 21:26:24,737,0,"Thursday",17.7,0.7,3
2021-07-15 00:51:06,831,0,"Thursday",25.3,3.2,3
2021-07-22 11:53:19,1205,0,"Thursday",19.6,0,3
2021-07-01 20:16:05,1584,0,"Thursday",20.6,0,3
2021-07-22 16:43:05,1241,0,"Thursday",19.6,0,2
2021-07-01 17:55:57,4550,0,"Thursday",20.6,0,2
2021-07-15 15:23:19,738,0,"Thursday",25.3,3.2,2
2021-07-01 17:22:17,942,0,"Thursday",20.6,0,2
2021-07-15 17:18:17,1083,0,"Thursday",25.3,3.2,2
2021-08-12 08:59:30,338,0,"Thursday",26.9,0,1
2021-08-05 07:03:04,1212,0,"Thursday",22.1,0,1
2021-08-05 09:58:50,696,0,"Thursday",22.1,0,1
2021-08-19 08:34:31,537,0,"Thursday",23.7,0.5,1
2021-08-19 09:09:17,642,0,"Thursday",23.7,0.5,1
2021-08-05 00:25:31,616,0,"Thursday",22.1,0,3
2021-08-26 22:53:14,290,0,"Thursday",27.6,0,3
2021-08-26 11:41:50,1669,0,"Thursday",27.6,0,3
2021-08-19 21:13:43,967,0,"Thursday",23.7,0.5,3
2021-08-12 19:51:32,1419,0,"Thursday",26.9,0,3
2021-08-05 18:54:42,540,0,"Thursday",22.1,0,2
2021-08-26 16:48:17,357,0,"Thursday",27.6,0,2
2021-08-19 18:51:46,2830,0,"Thursday",23.7,0.5,2
2021-08-19 16:08:49,1148,0,"Thursday",23.7,0.5,2
2021-08-19 18:16:30,1324,0,"Thursday",23.7,0.5,2
2021-09-23 09:06:57,1952,0,"Thursday",24.7,6.3,1
2021-09-30 08:22:22,497,0,"Thursday",11.3,0,1
2021-09-09 08:23:49,203,0,"Thursday",19.5,1.6,1
2021-09-02 06:54:26,545,0,"Thursday",15.6,0,1
2021-09-09 09:41:21,1273,0,"Thursday",19.5,1.6,1
2021-09-09 14:43:13,3507,0,"Thursday",19.5,1.6,3
2021-09-02 14:07:37,347,0,"Thursday",15.6,0,3
2021-09-09 14:54:08,807,0,"Thursday",19.5,1.6,3
2021-09-30 13:17:59,559,0,"Thursday",11.3,0,3
2021-09-16 22:25:25,719,0,"Thursday",16.9,0.2,3
2021-09-02 18:27:48,1026,0,"Thursday",15.6,0,2
2021-09-02 15:08:38,829,0,"Thursday",15.6,0,2
2021-09-23 18:22:04,780,0,"Thursday",24.7,6.3,2
2021-09-30 16:37:01,722,0,"Thursday",11.3,0,2
2021-09-23 18:38:40,2112,0,"Thursday",24.7,6.3,2
2021-10-21 08:15:14,2546,0,"Thursday",11.7,5.8,1
2021-10-07 08:25:33,859,0,"Thursday",14.4,0,1
2021-10-28 07:53:56,734,0,"Thursday",7.9,0,1
2021-10-21 09:30:03,325,0,"Thursday",11.7,5.8,1
2021-10-21 08:48:07,149,0,"Thursday",11.7,5.8,1
2021-10-14 19:29:28,584,0,"Thursday",18.3,0,3
2021-10-07 19:53:25,580,0,"Thursday",14.4,0,3
2021-10-07 19:32:04,825,0,"Thursday",14.4,0,3
2021-10-14 21:45:52,722,0,"Thursday",18.3,0,3
2021-10-07 19:14:33,1052,0,"Thursday",14.4,0,3
2021-10-28 16:33:04,842,0,"Thursday",7.9,0,2
2021-10-21 15:30:27,1850,0,"Thursday",11.7,5.8,2
2021-10-28 18:18:37,733,0,"Thursday",7.9,0,2
2021-10-28 18:03:29,971,0,"Thursday",7.9,0,2
2021-10-14 16:03:44,1132,0,"Thursday",18.3,0,2
2021-05-04 07:22:06,4368,0,"Tuesday",11.7,0,1
2021-05-11 07:51:04,558,0,"Tuesday",9.8,0,1
2021-05-25 08:21:04,1589,0,"Tuesday",19.7,0.5,1
2021-05-25 07:18:40,936,0,"Tuesday",19.7,0.5,1
2021-05-25 08:42:38,241,0,"Tuesday",19.7,0.5,1
2021-05-04 12:15:16,444,0,"Tuesday",11.7,0,3
2021-05-18 14:42:24,1871,0,"Tuesday",20,0,3
2021-05-18 20:25:16,1358,0,"Tuesday",20,0,3
2021-05-18 20:11:04,4200,0,"Tuesday",20,0,3
2021-05-25 21:25:16,1804,0,"Tuesday",19.7,0.5,3
2021-05-18 15:38:40,635,0,"Tuesday",20,0,2
2021-05-18 16:37:47,764,0,"Tuesday",20,0,2
2021-05-18 17:56:33,805,0,"Tuesday",20,0,2
2021-05-04 18:30:12,497,0,"Tuesday",11.7,0,2
2021-05-25 18:50:40,1555,0,"Tuesday",19.7,0.5,2
2021-06-22 08:05:59,958,0,"Tuesday",15.5,0.2,1
2021-06-29 09:29:27,1085,0,"Tuesday",25.6,0,1
2021-06-15 06:45:04,915,0,"Tuesday",17.9,0,1
2021-06-15 09:58:55,1083,0,"Tuesday",17.9,0,1
2021-06-01 08:09:05,621,0,"Tuesday",19.3,1.4,1
2021-06-29 11:35:14,737,0,"Tuesday",25.6,0,3
2021-06-22 12:01:54,1008,0,"Tuesday",15.5,0.2,3
2021-06-15 12:00:24,308,0,"Tuesday",17.9,0,3
2021-06-08 19:06:50,1827,0,"Tuesday",26.3,0,3
2021-06-01 21:03:55,490,0,"Tuesday",19.3,1.4,3
2021-06-08 17:53:24,412,0,"Tuesday",26.3,0,2
2021-06-29 16:05:14,458,0,"Tuesday",25.6,0,2
2021-06-15 18:29:27,2981,0,"Tuesday",17.9,0,2
2021-06-22 18:13:23,761,0,"Tuesday",15.5,0.2,2
2021-06-29 16:52:51,932,0,"Tuesday",25.6,0,2
2021-07-27 08:34:30,818,0,"Tuesday",19,1.4,1
2021-07-27 07:21:14,391,0,"Tuesday",19,1.4,1
2021-07-13 07:00:24,358,0,"Tuesday",23.2,5.8,1
2021-07-27 08:41:38,1028,0,"Tuesday",19,1.4,1
2021-07-27 07:56:37,467,0,"Tuesday",19,1.4,1
2021-07-06 21:21:06,562,0,"Tuesday",23.1,1.2,3
2021-07-27 13:09:05,197,0,"Tuesday",19,1.4,3
2021-07-06 20:35:17,638,0,"Tuesday",23.1,1.2,3
2021-07-06 11:23:55,1163,0,"Tuesday",23.1,1.2,3
2021-07-20 11:27:12,474,0,"Tuesday",21.2,9.6,3
2021-07-20 17:06:16,1638,0,"Tuesday",21.2,9.6,2
2021-07-13 18:09:06,387,0,"Tuesday",23.2,5.8,2
2021-07-13 15:48:55,595,0,"Tuesday",23.2,5.8,2
2021-07-20 15:32:56,631,0,"Tuesday",21.2,9.6,2
2021-07-27 18:52:19,1870,0,"Tuesday",19,1.4,2
2021-08-31 09:23:30,744,0,"Tuesday",20.6,0,1
2021-08-10 06:45:21,530,0,"Tuesday",26.5,10.4,1
2021-08-03 08:24:52,1324,0,"Tuesday",21.5,0.2,1
2021-08-24 08:21:03,846,0,"Tuesday",27.2,0,1
2021-08-24 08:09:42,651,0,"Tuesday",27.2,0,1
2021-08-31 11:30:04,2408,0,"Tuesday",20.6,0,3
2021-08-17 12:12:00,780,0,"Tuesday",21.2,0,3
2021-08-24 22:54:00,1449,0,"Tuesday",27.2,0,3
2021-08-10 19:05:50,1937,0,"Tuesday",26.5,10.4,3
2021-08-17 20:57:00,418,0,"Tuesday",21.2,0,3
2021-08-24 18:44:40,539,0,"Tuesday",27.2,0,2
2021-08-24 18:48:40,1636,0,"Tuesday",27.2,0,2
2021-08-03 18:17:31,406,0,"Tuesday",21.5,0.2,2
2021-08-31 16:14:23,319,0,"Tuesday",20.6,0,2
2021-08-10 17:15:15,1147,0,"Tuesday",26.5,10.4,2
2021-09-21 07:01:58,240,0,"Tuesday",20.2,0,1
2021-09-14 09:51:20,244,0,"Tuesday",16.7,0,1
2021-09-28 07:03:19,574,0,"Tuesday",10.5,0.2,1
2021-09-28 09:59:06,615,0,"Tuesday",10.5,0.2,1
2021-09-28 09:46:46,783,0,"Tuesday",10.5,0.2,1
2021-09-21 02:14:38,541,0,"Tuesday",20.2,0,3
2021-09-14 20:51:57,401,0,"Tuesday",16.7,0,3
2021-09-21 14:20:09,1095,0,"Tuesday",20.2,0,3
2021-09-14 01:00:41,1104,0,"Tuesday",16.7,0,3
2021-09-07 20:20:20,384,0,"Tuesday",17.9,0,3
2021-09-07 16:17:26,588,0,"Tuesday",17.9,0,2
2021-09-28 17:39:21,1333,0,"Tuesday",10.5,0.2,2
2021-09-07 15:08:11,550,0,"Tuesday",17.9,0,2
2021-09-21 17:13:33,825,0,"Tuesday",20.2,0,2
2021-09-28 17:36:21,871,0,"Tuesday",10.5,0.2,2
2021-10-26 08:21:25,797,0,"Tuesday",9.6,6.4,1
2021-10-19 08:48:51,643,0,"Tuesday",8.8,0,1
2021-10-19 08:37:01,754,0,"Tuesday",8.8,0,1
2021-10-26 07:31:52,395,0,"Tuesday",9.6,6.4,1
2021-10-05 08:56:54,2255,0,"Tuesday",13.1,0,1
2021-10-26 01:39:56,1434,0,"Tuesday",9.6,6.4,3
2021-10-05 23:06:49,568,0,"Tuesday",13.1,0,3
2021-10-05 10:59:18,581,0,"Tuesday",13.1,0,3
2021-10-05 23:36:33,650,0,"Tuesday",13.1,0,3
2021-10-05 21:05:47,517,0,"Tuesday",13.1,0,3
2021-10-26 17:08:24,744,0,"Tuesday",9.6,6.4,2
2021-10-12 17:33:34,1173,0,"Tuesday",18.5,0,2
2021-10-19 16:31:30,259,0,"Tuesday",8.8,0,2
2021-10-05 18:36:40,272,0,"Tuesday",13.1,0,2
2021-10-26 15:10:35,554,0,"Tuesday",9.6,6.4,2
2021-05-05 09:45:46,401,0,"Wednesday",10.7,0.8,1
2021-05-26 09:55:04,1483,0,"Wednesday",24,0.4,1
2021-05-12 06:50:44,309,0,"Wednesday",12,0,1
2021-05-26 06:47:50,641,0,"Wednesday",24,0.4,1
2021-05-05 08:59:09,1270,0,"Wednesday",10.7,0.8,1
2021-05-19 10:54:24,2076,0,"Wednesday",19.2,0,3
2021-05-19 13:30:45,260,0,"Wednesday",19.2,0,3
2021-05-19 20:39:33,1239,0,"Wednesday",19.2,0,3
2021-05-19 20:01:09,645,0,"Wednesday",19.2,0,3
2021-05-19 11:42:08,815,0,"Wednesday",19.2,0,3
2021-05-26 18:12:24,710,0,"Wednesday",24,0.4,2
2021-05-26 15:06:49,735,0,"Wednesday",24,0.4,2
2021-05-26 15:35:05,1053,0,"Wednesday",24,0.4,2
2021-05-19 17:14:37,3025,0,"Wednesday",19.2,0,2
2021-05-26 17:25:10,416,0,"Wednesday",24,0.4,2
2021-06-02 08:51:02,500,0,"Wednesday",20.9,0,1
2021-06-30 08:38:12,752,0,"Wednesday",23.4,31.7,1
2021-06-16 08:17:55,1170,0,"Wednesday",15.2,0,1
2021-06-23 08:25:44,458,0,"Wednesday",14.5,0,1
2021-06-16 08:13:48,908,0,"Wednesday",15.2,0,1
2021-06-16 21:21:58,442,0,"Wednesday",15.2,0,3
2021-06-23 00:00:13,1399,0,"Wednesday",14.5,0,3
2021-06-09 21:28:30,724,0,"Wednesday",24.1,0,3
2021-06-16 19:01:25,417,0,"Wednesday",15.2,0,3
2021-06-23 11:19:55,567,0,"Wednesday",14.5,0,3
2021-06-02 17:55:42,540,0,"Wednesday",20.9,0,2
2021-06-23 17:34:04,988,0,"Wednesday",14.5,0,2
2021-06-16 18:59:58,5011,0,"Wednesday",15.2,0,2
2021-06-16 16:23:52,1146,0,"Wednesday",15.2,0,2
2021-06-30 18:51:54,661,0,"Wednesday",23.4,31.7,2
2021-07-28 06:19:40,1317,0,"Wednesday",19.2,0,1
2021-07-28 09:04:37,393,0,"Wednesday",19.2,0,1
2021-07-28 09:16:12,708,0,"Wednesday",19.2,0,1
2021-07-21 07:39:09,599,0,"Wednesday",20,1.5,1
2021-07-14 09:23:20,1023,0,"Wednesday",24.2,0,1
2021-07-28 20:48:58,852,0,"Wednesday",19.2,0,3
2021-07-07 21:03:42,2188,0,"Wednesday",16.4,0,3
2021-07-28 00:22:34,331,0,"Wednesday",19.2,0,3
2021-07-14 19:50:51,905,0,"Wednesday",24.2,0,3
2021-07-28 10:33:24,2501,0,"Wednesday",19.2,0,3
2021-07-07 17:25:55,643,0,"Wednesday",16.4,0,2
2021-07-28 15:13:51,1747,0,"Wednesday",19.2,0,2
2021-07-28 16:39:42,2875,0,"Wednesday",19.2,0,2
2021-07-28 17:16:06,924,0,"Wednesday",19.2,0,2
2021-07-28 18:14:16,5093,0,"Wednesday",19.2,0,2
2021-08-11 06:02:45,1131,0,"Wednesday",27,5,1
2021-08-04 09:46:46,791,0,"Wednesday",21.1,0.2,1
2021-08-04 09:48:10,475,0,"Wednesday",21.1,0.2,1
2021-08-18 07:48:47,1558,0,"Wednesday",25.4,0,1
2021-08-18 08:39:15,443,0,"Wednesday",25.4,0,1
2021-08-18 14:10:13,3469,0,"Wednesday",25.4,0,3
2021-08-18 19:18:13,2928,0,"Wednesday",25.4,0,3
2021-08-04 12:05:24,2161,0,"Wednesday",21.1,0.2,3
2021-08-11 11:50:42,1468,0,"Wednesday",27,5,3
2021-08-18 12:26:54,2648,0,"Wednesday",25.4,0,3
2021-08-11 18:05:22,1185,0,"Wednesday",27,5,2
2021-08-04 18:37:14,1435,0,"Wednesday",21.1,0.2,2
2021-08-18 16:31:17,561,0,"Wednesday",25.4,0,2
2021-08-18 17:53:06,1051,0,"Wednesday",25.4,0,2
2021-08-11 18:14:08,1533,0,"Wednesday",27,5,2
2021-09-01 07:31:10,572,0,"Wednesday",18,0,1
2021-09-01 07:48:28,841,0,"Wednesday",18,0,1
2021-09-08 09:16:19,502,0,"Wednesday",18.6,1,1
2021-09-22 06:32:41,823,0,"Wednesday",20.8,0.2,1
2021-09-29 09:27:40,329,0,"Wednesday",11.2,0,1
2021-09-29 12:25:58,2123,0,"Wednesday",11.2,0,3
2021-09-08 11:50:03,1126,0,"Wednesday",18.6,1,3
2021-09-01 19:14:14,1526,0,"Wednesday",18,0,3
2021-09-22 11:20:36,768,0,"Wednesday",20.8,0.2,3
2021-09-08 21:50:58,1293,0,"Wednesday",18.6,1,3
2021-09-01 18:37:14,721,0,"Wednesday",18,0,2
2021-09-08 15:48:01,621,0,"Wednesday",18.6,1,2
2021-09-01 15:58:08,460,0,"Wednesday",18,0,2
2021-09-01 17:53:57,679,0,"Wednesday",18,0,2
2021-09-15 15:42:15,314,0,"Wednesday",17.6,11.1,2
2021-10-06 07:58:16,623,0,"Wednesday",14.3,0,1
2021-10-13 09:00:01,570,0,"Wednesday",16.7,0,1
2021-10-13 06:18:02,360,0,"Wednesday",16.7,0,1
2021-10-06 08:56:03,534,0,"Wednesday",14.3,0,1
2021-10-06 07:45:44,388,0,"Wednesday",14.3,0,1
2021-10-06 23:15:49,2192,0,"Wednesday",14.3,0,3
2021-10-13 00:30:26,435,0,"Wednesday",16.7,0,3
2021-10-06 13:26:00,5726,0,"Wednesday",14.3,0,3
2021-10-20 13:53:48,2248,0,"Wednesday",11.8,0,3
2021-10-20 13:35:28,251,0,"Wednesday",11.8,0,3
2021-10-13 16:48:58,703,0,"Wednesday",16.7,0,2
2021-10-20 15:33:37,917,0,"Wednesday",11.8,0,2
2021-10-27 16:32:31,941,0,"Wednesday",9.6,0,2
2021-10-06 18:08:43,547,0,"Wednesday",14.3,0,2
2021-10-13 18:46:05,2420,0,"Wednesday",16.7,0,2
2021-05-14 07:19:34,1478,1,"Friday",17.8,0,1
2021-05-21 07:34:47,326,1,"Friday",25.3,0,1
2021-05-21 07:30:52,466,1,"Friday",25.3,0,1
2021-05-21 08:09:18,321,1,"Friday",25.3,0,1
2021-05-14 08:45:07,642,1,"Friday",17.8,0,1
2021-05-28 12:15:16,1377,1,"Friday",7.8,0,3
2021-05-07 21:05:53,346,1,"Friday",9.7,0,3
2021-05-28 20:53:57,633,1,"Friday",7.8,0,3
2021-05-21 20:58:29,693,1,"Friday",25.3,0,3
2021-05-14 19:57:03,1412,1,"Friday",17.8,0,3
2021-05-14 16:44:38,1129,1,"Friday",17.8,0,2
2021-05-14 15:21:54,787,1,"Friday",17.8,0,2
2021-05-14 18:05:40,381,1,"Friday",17.8,0,2
2021-05-28 16:32:05,637,1,"Friday",7.8,0,2
2021-05-07 16:09:15,741,1,"Friday",9.7,0,2
2021-06-25 09:34:25,1154,1,"Friday",22.2,0,1
2021-06-18 08:27:16,1016,1,"Friday",21.2,4.8,1
2021-06-18 08:09:23,900,1,"Friday",21.2,4.8,1
2021-06-11 09:11:28,1917,1,"Friday",19.7,0.2,1
2021-06-25 09:15:47,362,1,"Friday",22.2,0,1
2021-06-04 14:09:37,398,1,"Friday",22,0,3
2021-06-11 23:59:40,944,1,"Friday",19.7,0.2,3
2021-06-11 12:04:08,365,1,"Friday",19.7,0.2,3
2021-06-18 21:27:02,2352,1,"Friday",21.2,4.8,3
2021-06-25 12:44:30,378,1,"Friday",22.2,0,3
2021-06-04 18:33:36,504,1,"Friday",22,0,2
2021-06-11 16:15:46,139,1,"Friday",19.7,0.2,2
2021-06-25 15:22:38,1137,1,"Friday",22.2,0,2
2021-06-18 15:40:48,774,1,"Friday",21.2,4.8,2
2021-06-25 18:30:51,932,1,"Friday",22.2,0,2
2021-07-02 07:24:52,833,1,"Friday",17.6,0,1
2021-07-30 08:18:04,272,1,"Friday",16.5,0,1
2021-07-30 08:36:58,501,1,"Friday",16.5,0,1
2021-07-23 07:51:38,472,1,"Friday",21,0,1
2021-07-02 09:57:53,312,1,"Friday",17.6,0,1
2021-07-02 12:21:11,1253,1,"Friday",17.6,0,3
2021-07-16 13:45:13,354,1,"Friday",22,0,3
2021-07-23 02:19:17,1124,1,"Friday",21,0,3
2021-07-23 10:52:44,675,1,"Friday",21,0,3
2021-07-02 11:06:02,249,1,"Friday",17.6,0,3
2021-07-02 16:56:38,1011,1,"Friday",17.6,0,2
2021-07-23 18:15:56,407,1,"Friday",21,0,2
2021-07-30 16:38:18,215,1,"Friday",16.5,0,2
2021-07-23 18:51:20,196,1,"Friday",21,0,2
2021-07-16 15:44:36,984,1,"Friday",22,0,2
2021-08-20 08:13:15,226,1,"Friday",25.9,0,1
2021-08-13 07:22:29,1015,1,"Friday",27,0.2,1
2021-08-06 09:10:27,461,1,"Friday",25.1,0.2,1
2021-08-20 08:20:51,333,1,"Friday",25.9,0,1
2021-08-06 06:28:53,771,1,"Friday",25.1,0.2,1
2021-08-06 11:01:28,180,1,"Friday",25.1,0.2,3
2021-08-20 02:17:09,673,1,"Friday",25.9,0,3
2021-08-13 21:55:41,667,1,"Friday",27,0.2,3
2021-08-13 23:28:22,1632,1,"Friday",27,0.2,3
2021-08-20 21:22:27,1103,1,"Friday",25.9,0,3
2021-08-20 17:57:52,570,1,"Friday",25.9,0,2
2021-08-20 15:09:00,675,1,"Friday",25.9,0,2
2021-08-06 17:48:39,159,1,"Friday",25.1,0.2,2
2021-08-27 15:39:08,1474,1,"Friday",21.2,0,2
2021-08-27 16:45:53,229,1,"Friday",21.2,0,2
2021-09-24 09:13:55,526,1,"Friday",18.3,26.5,1
2021-09-17 07:04:40,491,1,"Friday",19.8,0,1
2021-09-10 09:07:26,287,1,"Friday",17.1,0.3,1
2021-09-10 08:51:29,1224,1,"Friday",17.1,0.3,1
2021-09-17 09:49:43,139,1,"Friday",19.8,0,1
2021-09-24 12:00:06,2952,1,"Friday",18.3,26.5,3
2021-09-10 22:31:11,675,1,"Friday",17.1,0.3,3
2021-09-03 12:57:29,1142,1,"Friday",18,0,3
2021-09-17 20:42:54,2016,1,"Friday",19.8,0,3
2021-09-10 21:08:47,2401,1,"Friday",17.1,0.3,3
2021-09-03 18:27:11,804,1,"Friday",18,0,2
2021-09-03 17:39:11,148,1,"Friday",18,0,2
2021-09-03 18:01:01,511,1,"Friday",18,0,2
2021-09-24 18:57:56,109,1,"Friday",18.3,26.5,2
2021-09-10 18:05:12,1023,1,"Friday",17.1,0.3,2
2021-10-01 07:42:22,585,1,"Friday",12.5,0,1
2021-10-08 08:27:24,522,1,"Friday",15.4,0,1
2021-10-22 06:47:41,514,1,"Friday",8.7,13.8,1
2021-10-08 07:27:45,555,1,"Friday",15.4,0,1
2021-10-29 09:59:22,470,1,"Friday",7.8,0,1
2021-10-29 22:15:32,1064,1,"Friday",7.8,0,3
2021-10-08 13:11:04,696,1,"Friday",15.4,0,3
2021-10-08 12:29:45,202,1,"Friday",15.4,0,3
2021-10-01 19:33:49,565,1,"Friday",12.5,0,3
2021-10-15 13:55:17,431,1,"Friday",18.4,0,3
2021-10-15 16:56:37,666,1,"Friday",18.4,0,2
2021-10-22 17:25:06,315,1,"Friday",8.7,13.8,2
2021-10-15 18:05:29,431,1,"Friday",18.4,0,2
2021-10-15 17:59:42,200,1,"Friday",18.4,0,2
2021-10-01 16:57:34,511,1,"Friday",12.5,0,2
2021-05-03 07:18:47,975,1,"Monday",7.6,0,1
2021-05-31 09:39:32,270,1,"Monday",15.7,0,1
2021-05-03 06:06:26,426,1,"Monday",7.6,0,1
2021-05-17 07:57:36,1060,1,"Monday",17.9,0.2,1
2021-05-03 06:02:57,297,1,"Monday",7.6,0,1
2021-05-10 11:54:29,118,1,"Monday",11.4,0,3
2021-05-24 13:50:05,424,1,"Monday",14.4,0,3
2021-05-24 19:10:36,289,1,"Monday",14.4,0,3
2021-05-17 14:58:23,1870,1,"Monday",17.9,0.2,3
2021-05-24 20:07:33,616,1,"Monday",14.4,0,3
2021-05-24 17:09:26,2936,1,"Monday",14.4,0,2
2021-05-31 18:18:55,507,1,"Monday",15.7,0,2
2021-05-10 15:46:42,591,1,"Monday",11.4,0,2
2021-05-24 18:11:16,1866,1,"Monday",14.4,0,2
2021-05-24 16:03:32,1391,1,"Monday",14.4,0,2
2021-06-21 09:49:05,606,1,"Monday",24.1,2.9,1
2021-06-21 09:20:30,67,1,"Monday",24.1,2.9,1
2021-06-07 07:53:14,277,1,"Monday",27.6,0,1
2021-06-14 06:38:17,125,1,"Monday",20.6,7.8,1
2021-06-21 09:18:18,710,1,"Monday",24.1,2.9,1
2021-06-14 12:49:24,552,1,"Monday",20.6,7.8,3
2021-06-14 10:33:32,1622,1,"Monday",20.6,7.8,3
2021-06-21 14:31:23,634,1,"Monday",24.1,2.9,3
2021-06-07 13:14:09,437,1,"Monday",27.6,0,3
2021-06-14 21:40:36,615,1,"Monday",20.6,7.8,3
2021-06-14 17:09:18,646,1,"Monday",20.6,7.8,2
2021-06-07 17:17:06,292,1,"Monday",27.6,0,2
2021-06-07 18:49:25,211,1,"Monday",27.6,0,2
2021-06-07 15:51:09,1854,1,"Monday",27.6,0,2
2021-06-21 16:35:05,631,1,"Monday",24.1,2.9,2
2021-07-05 06:31:52,261,1,"Monday",20.2,0,1
2021-07-19 06:24:49,168,1,"Monday",23.3,0,1
2021-07-12 07:54:13,204,1,"Monday",23.1,0,1
2021-07-12 08:54:45,1234,1,"Monday",23.1,0,1
2021-07-19 09:21:35,485,1,"Monday",23.3,0,1
2021-07-05 20:26:56,610,1,"Monday",20.2,0,3
2021-07-26 02:56:56,1748,1,"Monday",23.5,0,3
2021-07-12 12:42:42,204,1,"Monday",23.1,0,3
2021-07-12 14:45:29,650,1,"Monday",23.1,0,3
2021-07-05 20:52:15,123,1,"Monday",20.2,0,3
2021-07-05 18:14:52,904,1,"Monday",20.2,0,2
2021-07-05 16:23:58,192,1,"Monday",20.2,0,2
2021-07-12 16:34:32,1164,1,"Monday",23.1,0,2
2021-07-26 17:51:46,399,1,"Monday",23.5,0,2
2021-07-19 16:10:32,562,1,"Monday",23.3,0,2
2021-08-16 08:05:45,663,1,"Monday",19.5,0,1
2021-08-23 07:34:12,359,1,"Monday",26.7,0,1
2021-08-30 07:30:27,142,1,"Monday",24.8,5.3,1
2021-08-02 09:54:03,527,1,"Monday",18.8,0,1
2021-08-09 09:21:27,347,1,"Monday",25.2,0.2,1
2021-08-30 14:13:20,924,1,"Monday",24.8,5.3,3
2021-08-23 21:35:53,345,1,"Monday",26.7,0,3
2021-08-23 19:55:39,1719,1,"Monday",26.7,0,3
2021-08-02 11:23:48,198,1,"Monday",18.8,0,3
2021-08-30 10:50:41,486,1,"Monday",24.8,5.3,3
2021-08-02 17:56:34,983,1,"Monday",18.8,0,2
2021-08-23 18:59:17,536,1,"Monday",26.7,0,2
2021-08-30 17:20:42,863,1,"Monday",24.8,5.3,2
2021-08-23 16:37:39,607,1,"Monday",26.7,0,2
2021-08-23 15:37:57,240,1,"Monday",26.7,0,2
2021-09-27 07:17:33,1458,1,"Monday",13.6,3.1,1
2021-09-20 07:42:31,752,1,"Monday",17.3,0,1
2021-09-20 08:01:19,305,1,"Monday",17.3,0,1
2021-09-13 07:33:59,525,1,"Monday",17.3,0.2,1
2021-09-20 09:51:10,1165,1,"Monday",17.3,0,1
2021-09-06 23:23:36,274,1,"Monday",17.4,6.3,3
2021-09-20 19:23:10,2493,1,"Monday",17.3,0,3
2021-09-20 13:21:50,128,1,"Monday",17.3,0,3
2021-09-13 20:28:49,530,1,"Monday",17.3,0.2,3
2021-09-27 11:34:47,1153,1,"Monday",13.6,3.1,3
2021-09-20 15:43:50,946,1,"Monday",17.3,0,2
2021-09-13 15:59:06,713,1,"Monday",17.3,0.2,2
2021-09-06 15:25:29,3201,1,"Monday",17.4,6.3,2
2021-09-06 17:10:21,492,1,"Monday",17.4,6.3,2
2021-09-13 16:00:27,280,1,"Monday",17.3,0.2,2
2021-10-18 08:53:02,1093,1,"Monday",9.7,0.7,1
2021-10-18 07:35:49,299,1,"Monday",9.7,0.7,1
2021-10-04 08:13:41,1658,1,"Monday",12.2,0,1
2021-10-11 08:28:01,1165,1,"Monday",18.4,0,1
2021-10-18 09:02:35,457,1,"Monday",9.7,0.7,1
2021-10-25 12:13:13,538,1,"Monday",6.5,0.5,3
2021-10-25 23:03:54,152,1,"Monday",6.5,0.5,3
2021-10-11 10:56:03,653,1,"Monday",18.4,0,3
2021-10-11 20:37:38,782,1,"Monday",18.4,0,3
2021-10-18 20:00:43,132,1,"Monday",9.7,0.7,3
2021-10-18 18:25:45,838,1,"Monday",9.7,0.7,2
2021-10-04 18:10:45,283,1,"Monday",12.2,0,2
2021-10-04 15:58:34,332,1,"Monday",12.2,0,2
2021-10-25 16:27:02,237,1,"Monday",6.5,0.5,2
2021-10-18 15:06:49,1582,1,"Monday",9.7,0.7,2
2021-05-22 08:19:59,2390,1,"Saturday",23.6,0.3,1
2021-05-22 09:06:14,866,1,"Saturday",23.6,0.3,1
2021-05-22 09:03:33,1412,1,"Saturday",23.6,0.3,1
2021-05-22 08:58:31,969,1,"Saturday",23.6,0.3,1
2021-05-15 08:01:09,550,1,"Saturday",17.7,0.2,1
2021-05-01 12:55:36,1206,1,"Saturday",5.9,0,3
2021-05-29 11:12:56,1960,1,"Saturday",11.4,0,3
2021-05-08 10:01:45,1204,1,"Saturday",11.7,0,3
2021-05-22 13:55:55,527,1,"Saturday",23.6,0.3,3
2021-05-08 14:32:30,566,1,"Saturday",11.7,0,3
2021-05-22 17:01:55,777,1,"Saturday",23.6,0.3,2
2021-05-22 16:01:19,369,1,"Saturday",23.6,0.3,2
2021-05-01 15:55:19,377,1,"Saturday",5.9,0,2
2021-05-01 18:06:02,386,1,"Saturday",5.9,0,2
2021-05-22 17:29:53,1426,1,"Saturday",23.6,0.3,2
2021-06-05 07:25:22,1375,1,"Saturday",22.4,14.2,1
2021-06-12 09:00:18,809,1,"Saturday",19.3,0,1
2021-06-12 08:36:58,714,1,"Saturday",19.3,0,1
2021-06-19 09:52:49,398,1,"Saturday",20.7,1.9,1
2021-06-05 09:31:25,2746,1,"Saturday",22.4,14.2,1
2021-06-12 13:40:24,1249,1,"Saturday",19.3,0,3
2021-06-05 12:26:33,170,1,"Saturday",22.4,14.2,3
2021-06-05 10:51:04,229,1,"Saturday",22.4,14.2,3
2021-06-19 20:17:46,733,1,"Saturday",20.7,1.9,3
2021-06-05 11:22:47,1363,1,"Saturday",22.4,14.2,3
2021-06-19 18:21:21,2706,1,"Saturday",20.7,1.9,2
2021-06-19 16:08:24,723,1,"Saturday",20.7,1.9,2
2021-06-19 15:57:49,927,1,"Saturday",20.7,1.9,2
2021-06-19 16:29:59,3192,1,"Saturday",20.7,1.9,2
2021-06-05 16:57:03,406,1,"Saturday",22.4,14.2,2
2021-07-31 09:39:48,1297,1,"Saturday",17.9,0,1
2021-07-31 06:11:10,410,1,"Saturday",17.9,0,1
2021-07-31 09:24:58,241,1,"Saturday",17.9,0,1
2021-07-03 09:46:08,607,1,"Saturday",16.5,0,1
2021-07-31 08:23:42,843,1,"Saturday",17.9,0,1
2021-07-31 21:57:29,796,1,"Saturday",17.9,0,3
2021-07-17 11:02:18,721,1,"Saturday",21.7,0,3
2021-07-31 23:08:03,543,1,"Saturday",17.9,0,3
2021-07-31 11:02:38,836,1,"Saturday",17.9,0,3
2021-07-10 20:22:34,2684,1,"Saturday",19,0,3
2021-07-03 18:53:48,424,1,"Saturday",16.5,0,2
2021-07-10 18:20:44,419,1,"Saturday",19,0,2
2021-07-10 17:09:38,666,1,"Saturday",19,0,2
2021-07-31 16:32:04,3743,1,"Saturday",17.9,0,2
2021-07-31 17:53:45,902,1,"Saturday",17.9,0,2
2021-08-07 07:04:40,92,1,"Saturday",23.6,0.8,1
2021-08-21 07:51:15,289,1,"Saturday",27.5,0,1
2021-08-28 09:41:19,281,1,"Saturday",18.9,0,1
2021-08-07 09:00:22,1906,1,"Saturday",23.6,0.8,1
2021-08-14 09:59:39,259,1,"Saturday",20.9,0.2,1
2021-08-28 13:37:11,207,1,"Saturday",18.9,0,3
2021-08-21 01:08:25,615,1,"Saturday",27.5,0,3
2021-08-07 00:57:29,730,1,"Saturday",23.6,0.8,3
2021-08-14 21:39:08,433,1,"Saturday",20.9,0.2,3
2021-08-28 20:17:03,310,1,"Saturday",18.9,0,3
2021-08-07 16:45:24,249,1,"Saturday",23.6,0.8,2
2021-08-14 15:16:26,1564,1,"Saturday",20.9,0.2,2
2021-08-28 15:29:23,414,1,"Saturday",18.9,0,2
2021-08-21 16:26:47,1339,1,"Saturday",27.5,0,2
2021-08-28 17:33:49,654,1,"Saturday",18.9,0,2
2021-09-25 08:10:59,1390,1,"Saturday",16.7,0,1
2021-09-04 06:51:15,2155,1,"Saturday",19,0,1
2021-09-04 08:14:15,946,1,"Saturday",19,0,1
2021-09-11 07:46:27,655,1,"Saturday",18.4,0,1
2021-09-11 09:36:56,914,1,"Saturday",18.4,0,1
2021-09-25 23:52:04,1290,1,"Saturday",16.7,0,3
2021-09-25 14:09:47,293,1,"Saturday",16.7,0,3
2021-09-25 11:42:28,1372,1,"Saturday",16.7,0,3
2021-09-18 13:16:46,718,1,"Saturday",18.7,0,3
2021-09-18 20:34:28,1069,1,"Saturday",18.7,0,3
2021-09-18 16:40:14,1153,1,"Saturday",18.7,0,2
2021-09-25 16:16:38,106,1,"Saturday",16.7,0,2
2021-09-11 18:20:10,240,1,"Saturday",18.4,0,2
2021-09-25 18:29:44,100,1,"Saturday",16.7,0,2
2021-09-25 18:09:17,448,1,"Saturday",16.7,0,2
2021-10-23 07:07:17,681,1,"Saturday",4.9,0,1
2021-10-30 09:46:24,165,1,"Saturday",8.2,11.6,1
2021-10-02 07:46:23,341,1,"Saturday",11.9,11.4,1
2021-10-30 09:02:14,408,1,"Saturday",8.2,11.6,1
2021-10-09 08:46:39,522,1,"Saturday",16,0,1
2021-10-02 13:45:35,785,1,"Saturday",11.9,11.4,3
2021-10-23 20:01:24,1520,1,"Saturday",4.9,0,3
2021-10-23 12:24:22,447,1,"Saturday",4.9,0,3
2021-10-02 19:09:17,908,1,"Saturday",11.9,11.4,3
2021-10-09 13:12:26,330,1,"Saturday",16,0,3
2021-10-09 18:45:15,1208,1,"Saturday",16,0,2
2021-10-09 15:36:32,534,1,"Saturday",16,0,2
2021-10-30 17:15:58,238,1,"Saturday",8.2,11.6,2
2021-10-30 16:42:54,973,1,"Saturday",8.2,11.6,2
2021-10-16 15:38:58,316,1,"Saturday",15.8,18.7,2
2021-05-30 08:11:55,377,1,"Sunday",13.6,0.9,1
2021-05-30 09:25:55,422,1,"Sunday",13.6,0.9,1
2021-05-16 09:35:35,1309,1,"Sunday",15.8,0.3,1
2021-05-30 07:11:48,486,1,"Sunday",13.6,0.9,1
2021-05-30 09:46:00,934,1,"Sunday",13.6,0.9,1
2021-05-16 10:09:10,1054,1,"Sunday",15.8,0.3,3
2021-05-16 12:38:09,1617,1,"Sunday",15.8,0.3,3
2021-05-09 21:01:23,1167,1,"Sunday",11.4,0,3
2021-05-16 11:15:19,648,1,"Sunday",15.8,0.3,3
2021-05-30 14:55:19,725,1,"Sunday",13.6,0.9,3
2021-05-23 15:08:49,947,1,"Sunday",15.8,0.5,2
2021-05-02 18:13:00,1119,1,"Sunday",10,0,2
2021-05-02 17:13:19,831,1,"Sunday",10,0,2
2021-05-16 16:19:38,283,1,"Sunday",15.8,0.3,2
2021-05-09 17:31:59,492,1,"Sunday",11.4,0,2
2021-06-06 09:55:17,353,1,"Sunday",24.5,0,1
2021-06-13 07:58:18,456,1,"Sunday",21.6,2.8,1
2021-06-06 08:15:52,437,1,"Sunday",24.5,0,1
2021-06-06 06:49:40,968,1,"Sunday",24.5,0,1
2021-06-20 09:26:41,388,1,"Sunday",21.8,0,1
2021-06-13 20:02:52,2364,1,"Sunday",21.6,2.8,3
2021-06-13 12:20:32,2617,1,"Sunday",21.6,2.8,3
2021-06-06 20:28:40,1653,1,"Sunday",24.5,0,3
2021-06-20 13:42:44,312,1,"Sunday",21.8,0,3
2021-06-20 23:18:49,674,1,"Sunday",21.8,0,3
2021-06-06 16:58:53,2324,1,"Sunday",24.5,0,2
2021-06-13 17:44:08,1965,1,"Sunday",21.6,2.8,2
2021-06-20 15:38:43,1083,1,"Sunday",21.8,0,2
2021-06-27 15:28:38,261,1,"Sunday",26.9,0,2
2021-06-20 16:46:18,274,1,"Sunday",21.8,0,2
2021-07-04 09:23:37,357,1,"Sunday",18.4,0,1
2021-07-11 09:35:03,593,1,"Sunday",21,0,1
2021-07-04 06:40:01,1188,1,"Sunday",18.4,0,1
2021-07-18 09:46:46,1102,1,"Sunday",21.8,0,1
2021-07-11 09:50:26,1548,1,"Sunday",21,0,1
2021-07-25 13:46:26,650,1,"Sunday",22.8,13.9,3
2021-07-04 19:07:40,722,1,"Sunday",18.4,0,3
2021-07-04 01:26:50,458,1,"Sunday",18.4,0,3
2021-07-25 11:56:00,449,1,"Sunday",22.8,13.9,3
2021-07-25 19:18:33,418,1,"Sunday",22.8,13.9,3
2021-07-11 18:22:27,138,1,"Sunday",21,0,2
2021-07-18 17:30:24,1082,1,"Sunday",21.8,0,2
2021-07-18 15:27:53,1327,1,"Sunday",21.8,0,2
2021-07-25 18:08:36,403,1,"Sunday",22.8,13.9,2
2021-07-18 15:23:26,178,1,"Sunday",21.8,0,2
2021-08-22 08:12:57,168,1,"Sunday",28.2,0,1
2021-08-29 09:55:06,1607,1,"Sunday",19.3,6.5,1
2021-08-22 07:53:55,261,1,"Sunday",28.2,0,1
2021-08-15 08:01:17,302,1,"Sunday",18.2,0,1
2021-08-15 07:09:40,196,1,"Sunday",18.2,0,1
2021-08-01 11:30:40,423,1,"Sunday",16.9,0,3
2021-08-08 01:34:42,851,1,"Sunday",24,0,3
2021-08-22 22:58:23,750,1,"Sunday",28.2,0,3
2021-08-08 14:36:20,976,1,"Sunday",24,0,3
2021-08-01 21:19:40,171,1,"Sunday",16.9,0,3
2021-08-01 16:36:12,283,1,"Sunday",16.9,0,2
2021-08-01 17:07:46,107,1,"Sunday",16.9,0,2
2021-08-29 18:40:28,814,1,"Sunday",19.3,6.5,2
2021-08-29 15:09:23,306,1,"Sunday",19.3,6.5,2
2021-08-15 16:23:57,683,1,"Sunday",18.2,0,2
2021-09-12 09:37:16,2365,1,"Sunday",19.1,0,1
2021-09-05 07:48:05,1059,1,"Sunday",19.5,13.6,1
2021-09-26 09:15:59,976,1,"Sunday",16.7,0,1
2021-09-26 06:38:51,569,1,"Sunday",16.7,0,1
2021-09-26 08:11:48,835,1,"Sunday",16.7,0,1
2021-09-26 12:14:25,389,1,"Sunday",16.7,0,3
2021-09-12 02:47:32,1271,1,"Sunday",19.1,0,3
2021-09-19 11:53:07,337,1,"Sunday",15.4,0,3
2021-09-12 14:04:45,571,1,"Sunday",19.1,0,3
2021-09-19 14:17:37,469,1,"Sunday",15.4,0,3
2021-09-19 16:18:28,446,1,"Sunday",15.4,0,2
2021-09-19 16:14:44,230,1,"Sunday",15.4,0,2
2021-09-12 15:09:40,1228,1,"Sunday",19.1,0,2
2021-09-26 18:19:54,787,1,"Sunday",16.7,0,2
2021-09-12 17:28:38,107,1,"Sunday",19.1,0,2
2021-10-03 06:02:45,117,1,"Sunday",13,0.7,1
2021-10-24 07:29:35,182,1,"Sunday",7.3,0,1
2021-10-17 08:54:20,310,1,"Sunday",11.1,0.2,1
2021-10-17 06:32:44,205,1,"Sunday",11.1,0.2,1
2021-10-10 08:13:38,1876,1,"Sunday",16.2,0,1
2021-10-03 14:43:10,528,1,"Sunday",13,0.7,3
2021-10-24 00:06:36,407,1,"Sunday",7.3,0,3
2021-10-17 13:12:46,76,1,"Sunday",11.1,0.2,3
2021-10-24 00:03:36,790,1,"Sunday",7.3,0,3
2021-10-31 23:01:07,326,1,"Sunday",9.6,37,3
2021-10-10 15:03:28,1379,1,"Sunday",16.2,0,2
2021-10-24 16:53:30,706,1,"Sunday",7.3,0,2
2021-10-24 17:50:52,1029,1,"Sunday",7.3,0,2
2021-10-10 17:19:28,188,1,"Sunday",16.2,0,2
2021-10-10 18:33:14,1866,1,"Sunday",16.2,0,2
2021-05-20 07:42:18,714,1,"Thursday",23.4,0,1
2021-05-20 07:33:32,1114,1,"Thursday",23.4,0,1
2021-05-13 07:09:25,187,1,"Thursday",13.4,0,1
2021-05-27 09:54:16,288,1,"Thursday",11.5,0,1
2021-05-20 09:41:37,676,1,"Thursday",23.4,0,1
2021-05-27 05:48:07,464,1,"Thursday",11.5,0,3
2021-05-13 19:10:11,685,1,"Thursday",13.4,0,3
2021-05-20 12:04:10,142,1,"Thursday",23.4,0,3
2021-05-06 12:15:10,378,1,"Thursday",10.2,0,3
2021-05-06 10:41:32,1208,1,"Thursday",10.2,0,3
2021-05-06 17:01:08,441,1,"Thursday",10.2,0,2
2021-05-13 18:15:29,229,1,"Thursday",13.4,0,2
2021-05-13 17:45:52,708,1,"Thursday",13.4,0,2
2021-05-27 17:45:10,1794,1,"Thursday",11.5,0,2
2021-05-13 18:06:51,762,1,"Thursday",13.4,0,2
2021-06-03 09:45:50,448,1,"Thursday",17.5,6.3,1
2021-06-24 08:24:28,3359,1,"Thursday",20.4,0,1
2021-06-03 07:31:41,960,1,"Thursday",17.5,6.3,1
2021-06-24 07:24:12,1394,1,"Thursday",20.4,0,1
2021-06-24 08:46:54,1232,1,"Thursday",20.4,0,1
2021-06-17 14:06:44,512,1,"Thursday",18.2,0,3
2021-06-24 11:14:10,1266,1,"Thursday",20.4,0,3
2021-06-10 20:47:32,468,1,"Thursday",18.5,0,3
2021-06-24 14:10:16,1061,1,"Thursday",20.4,0,3
2021-06-17 12:47:35,1734,1,"Thursday",18.2,0,3
2021-06-10 17:49:24,348,1,"Thursday",18.5,0,2
2021-06-10 18:47:01,457,1,"Thursday",18.5,0,2
2021-06-03 15:59:59,373,1,"Thursday",17.5,6.3,2
2021-06-10 17:36:42,493,1,"Thursday",18.5,0,2
2021-06-10 15:03:23,832,1,"Thursday",18.5,0,2
2021-07-08 08:58:54,148,1,"Thursday",17.2,16.1,1
2021-07-29 08:56:08,319,1,"Thursday",17.7,0.7,1
2021-07-29 07:48:32,733,1,"Thursday",17.7,0.7,1
2021-07-22 09:30:23,1438,1,"Thursday",19.6,0,1
2021-07-01 07:35:28,289,1,"Thursday",20.6,0,1
2021-07-29 21:27:21,549,1,"Thursday",17.7,0.7,3
2021-07-22 14:35:36,226,1,"Thursday",19.6,0,3
2021-07-15 11:20:57,1389,1,"Thursday",25.3,3.2,3
2021-07-15 12:09:32,1272,1,"Thursday",25.3,3.2,3
2021-07-22 13:13:55,715,1,"Thursday",19.6,0,3
2021-07-22 18:18:28,520,1,"Thursday",19.6,0,2
2021-07-29 15:58:29,270,1,"Thursday",17.7,0.7,2
2021-07-01 17:19:27,1867,1,"Thursday",20.6,0,2
2021-07-22 18:50:13,3696,1,"Thursday",19.6,0,2
2021-07-15 18:13:19,855,1,"Thursday",25.3,3.2,2
2021-08-12 08:40:05,1002,1,"Thursday",26.9,0,1
2021-08-12 09:23:54,395,1,"Thursday",26.9,0,1
2021-08-19 09:01:06,109,1,"Thursday",23.7,0.5,1
2021-08-19 09:29:05,1128,1,"Thursday",23.7,0.5,1
2021-08-26 08:45:29,411,1,"Thursday",27.6,0,1
2021-08-12 21:28:51,1001,1,"Thursday",26.9,0,3
2021-08-19 20:07:00,400,1,"Thursday",23.7,0.5,3
2021-08-26 11:40:28,407,1,"Thursday",27.6,0,3
2021-08-05 01:26:26,787,1,"Thursday",22.1,0,3
2021-08-05 19:35:11,231,1,"Thursday",22.1,0,3
2021-08-05 18:12:01,1650,1,"Thursday",22.1,0,2
2021-08-12 18:43:31,856,1,"Thursday",26.9,0,2
2021-08-26 17:25:56,333,1,"Thursday",27.6,0,2
2021-08-12 16:39:31,1332,1,"Thursday",26.9,0,2
2021-08-26 17:20:01,1921,1,"Thursday",27.6,0,2
2021-09-16 08:49:45,1498,1,"Thursday",16.9,0.2,1
2021-09-23 08:42:49,543,1,"Thursday",24.7,6.3,1
2021-09-23 08:28:34,851,1,"Thursday",24.7,6.3,1
2021-09-23 06:53:02,912,1,"Thursday",24.7,6.3,1
2021-09-02 06:50:28,796,1,"Thursday",15.6,0,1
2021-09-02 13:15:29,726,1,"Thursday",15.6,0,3
2021-09-23 14:23:15,1328,1,"Thursday",24.7,6.3,3
2021-09-23 13:38:08,333,1,"Thursday",24.7,6.3,3
2021-09-09 05:31:01,193,1,"Thursday",19.5,1.6,3
2021-09-02 12:21:49,328,1,"Thursday",15.6,0,3
2021-09-09 17:12:35,591,1,"Thursday",19.5,1.6,2
2021-09-16 17:08:31,676,1,"Thursday",16.9,0.2,2
2021-09-02 16:50:16,1025,1,"Thursday",15.6,0,2
2021-09-30 16:14:31,454,1,"Thursday",11.3,0,2
2021-09-09 15:20:58,1476,1,"Thursday",19.5,1.6,2
2021-10-21 09:52:21,673,1,"Thursday",11.7,5.8,1
2021-10-07 06:11:46,1703,1,"Thursday",14.4,0,1
2021-10-07 07:32:03,302,1,"Thursday",14.4,0,1
2021-10-07 07:31:45,666,1,"Thursday",14.4,0,1
2021-10-14 07:16:17,660,1,"Thursday",18.3,0,1
2021-10-28 21:48:40,1656,1,"Thursday",7.9,0,3
2021-10-21 20:30:01,452,1,"Thursday",11.7,5.8,3
2021-10-14 12:18:04,1383,1,"Thursday",18.3,0,3
2021-10-28 21:00:10,549,1,"Thursday",7.9,0,3
2021-10-07 12:28:16,856,1,"Thursday",14.4,0,3
2021-10-14 18:31:02,1349,1,"Thursday",18.3,0,2
2021-10-21 17:40:30,309,1,"Thursday",11.7,5.8,2
2021-10-14 17:57:35,1027,1,"Thursday",18.3,0,2
2021-10-07 18:44:47,104,1,"Thursday",14.4,0,2
2021-10-07 15:51:46,641,1,"Thursday",14.4,0,2
2021-05-04 09:27:48,793,1,"Tuesday",11.7,0,1
2021-05-18 07:07:40,1634,1,"Tuesday",20,0,1
2021-05-18 09:23:44,525,1,"Tuesday",20,0,1
2021-05-11 08:16:56,986,1,"Tuesday",9.8,0,1
2021-05-11 09:19:19,839,1,"Tuesday",9.8,0,1
2021-05-25 20:14:19,2667,1,"Tuesday",19.7,0.5,3
2021-05-18 20:42:48,423,1,"Tuesday",20,0,3
2021-05-11 20:59:52,394,1,"Tuesday",9.8,0,3
2021-05-18 21:24:01,528,1,"Tuesday",20,0,3
2021-05-25 12:55:25,604,1,"Tuesday",19.7,0.5,3
2021-05-18 18:23:40,1533,1,"Tuesday",20,0,2
2021-05-25 15:33:30,834,1,"Tuesday",19.7,0.5,2
2021-05-25 18:16:54,1717,1,"Tuesday",19.7,0.5,2
2021-05-25 18:36:42,1707,1,"Tuesday",19.7,0.5,2
2021-05-25 15:30:13,1292,1,"Tuesday",19.7,0.5,2
2021-06-08 06:59:11,1069,1,"Tuesday",26.3,0,1
2021-06-22 08:26:38,895,1,"Tuesday",15.5,0.2,1
2021-06-08 08:19:52,728,1,"Tuesday",26.3,0,1
2021-06-01 07:32:03,809,1,"Tuesday",19.3,1.4,1
2021-06-22 08:43:13,591,1,"Tuesday",15.5,0.2,1
2021-06-15 12:02:13,400,1,"Tuesday",17.9,0,3
2021-06-29 20:22:18,337,1,"Tuesday",25.6,0,3
2021-06-08 19:54:12,2513,1,"Tuesday",26.3,0,3
2021-06-22 00:10:41,2679,1,"Tuesday",15.5,0.2,3
2021-06-29 19:30:02,302,1,"Tuesday",25.6,0,3
2021-06-01 17:38:55,169,1,"Tuesday",19.3,1.4,2
2021-06-29 17:00:23,326,1,"Tuesday",25.6,0,2
2021-06-15 17:27:43,1470,1,"Tuesday",17.9,0,2
2021-06-08 18:13:23,2710,1,"Tuesday",26.3,0,2
2021-06-01 18:14:05,311,1,"Tuesday",19.3,1.4,2
2021-07-06 08:12:39,934,1,"Tuesday",23.1,1.2,1
2021-07-13 09:07:10,516,1,"Tuesday",23.2,5.8,1
2021-07-13 08:47:52,627,1,"Tuesday",23.2,5.8,1
2021-07-13 09:44:47,688,1,"Tuesday",23.2,5.8,1
2021-07-27 08:00:53,656,1,"Tuesday",19,1.4,1
2021-07-06 23:18:53,141,1,"Tuesday",23.1,1.2,3
2021-07-20 10:57:58,218,1,"Tuesday",21.2,9.6,3
2021-07-20 11:00:08,1621,1,"Tuesday",21.2,9.6,3
2021-07-20 14:50:56,833,1,"Tuesday",21.2,9.6,3
2021-07-06 12:43:53,474,1,"Tuesday",23.1,1.2,3
2021-07-27 16:52:36,138,1,"Tuesday",19,1.4,2
2021-07-06 16:32:47,206,1,"Tuesday",23.1,1.2,2
2021-07-06 17:07:39,420,1,"Tuesday",23.1,1.2,2
2021-07-13 18:06:20,1732,1,"Tuesday",23.2,5.8,2
2021-07-13 17:44:37,777,1,"Tuesday",23.2,5.8,2
2021-08-03 07:38:32,143,1,"Tuesday",21.5,0.2,1
2021-08-24 07:57:42,426,1,"Tuesday",27.2,0,1
2021-08-31 06:30:11,176,1,"Tuesday",20.6,0,1
2021-08-03 09:08:33,1008,1,"Tuesday",21.5,0.2,1
2021-08-17 07:33:21,948,1,"Tuesday",21.2,0,1
2021-08-10 10:46:49,704,1,"Tuesday",26.5,10.4,3
2021-08-10 19:51:12,240,1,"Tuesday",26.5,10.4,3
2021-08-17 20:38:23,403,1,"Tuesday",21.2,0,3
2021-08-10 19:23:22,816,1,"Tuesday",26.5,10.4,3
2021-08-03 19:30:57,331,1,"Tuesday",21.5,0.2,3
2021-08-03 18:11:17,1673,1,"Tuesday",21.5,0.2,2
2021-08-31 15:49:20,969,1,"Tuesday",20.6,0,2
2021-08-24 17:08:13,403,1,"Tuesday",27.2,0,2
2021-08-10 17:32:32,1474,1,"Tuesday",26.5,10.4,2
2021-08-31 18:50:19,847,1,"Tuesday",20.6,0,2
2021-09-21 08:32:57,941,1,"Tuesday",20.2,0,1
2021-09-07 08:21:54,461,1,"Tuesday",17.9,0,1
2021-09-28 07:35:05,385,1,"Tuesday",10.5,0.2,1
2021-09-28 09:04:43,1041,1,"Tuesday",10.5,0.2,1
2021-09-14 06:43:11,414,1,"Tuesday",16.7,0,1
2021-09-14 14:25:05,1173,1,"Tuesday",16.7,0,3
2021-09-21 20:24:45,518,1,"Tuesday",20.2,0,3
2021-09-28 22:49:49,490,1,"Tuesday",10.5,0.2,3
2021-09-28 14:49:44,1306,1,"Tuesday",10.5,0.2,3
2021-09-14 19:08:19,544,1,"Tuesday",16.7,0,3
2021-09-14 17:31:11,419,1,"Tuesday",16.7,0,2
2021-09-28 17:09:02,1094,1,"Tuesday",10.5,0.2,2
2021-09-14 18:58:12,234,1,"Tuesday",16.7,0,2
2021-09-14 18:02:10,389,1,"Tuesday",16.7,0,2
2021-09-14 18:17:49,273,1,"Tuesday",16.7,0,2
2021-10-19 08:17:46,630,1,"Tuesday",8.8,0,1
2021-10-19 08:34:15,1284,1,"Tuesday",8.8,0,1
2021-10-19 07:46:18,668,1,"Tuesday",8.8,0,1
2021-10-05 08:44:58,914,1,"Tuesday",13.1,0,1
2021-10-19 07:13:44,649,1,"Tuesday",8.8,0,1
2021-10-05 23:13:28,662,1,"Tuesday",13.1,0,3
2021-10-19 12:15:47,297,1,"Tuesday",8.8,0,3
2021-10-12 20:36:42,487,1,"Tuesday",18.5,0,3
2021-10-19 13:29:03,2030,1,"Tuesday",8.8,0,3
2021-10-12 14:29:46,130,1,"Tuesday",18.5,0,3
2021-10-05 18:14:16,1477,1,"Tuesday",13.1,0,2
2021-10-26 15:54:31,341,1,"Tuesday",9.6,6.4,2
2021-10-19 17:22:41,218,1,"Tuesday",8.8,0,2
2021-10-05 18:48:48,83,1,"Tuesday",13.1,0,2
2021-10-12 18:39:09,1362,1,"Tuesday",18.5,0,2
2021-05-26 07:16:35,487,1,"Wednesday",24,0.4,1
2021-05-05 08:19:29,628,1,"Wednesday",10.7,0.8,1
2021-05-26 07:56:51,278,1,"Wednesday",24,0.4,1
2021-05-26 07:33:52,1434,1,"Wednesday",24,0.4,1
2021-05-05 08:18:34,730,1,"Wednesday",10.7,0.8,1
2021-05-12 19:51:48,166,1,"Wednesday",12,0,3
2021-05-26 20:27:13,269,1,"Wednesday",24,0.4,3
2021-05-19 19:26:46,865,1,"Wednesday",19.2,0,3
2021-05-19 13:59:34,1301,1,"Wednesday",19.2,0,3
2021-05-12 13:23:35,154,1,"Wednesday",12,0,3
2021-05-12 17:53:02,274,1,"Wednesday",12,0,2
2021-05-26 16:06:42,899,1,"Wednesday",24,0.4,2
2021-05-12 15:30:02,500,1,"Wednesday",12,0,2
2021-05-12 17:00:50,634,1,"Wednesday",12,0,2
2021-05-19 17:44:05,366,1,"Wednesday",19.2,0,2
2021-06-16 09:05:01,956,1,"Wednesday",15.2,0,1
2021-06-02 07:39:10,823,1,"Wednesday",20.9,0,1
2021-06-02 07:22:48,741,1,"Wednesday",20.9,0,1
2021-06-02 06:55:45,1308,1,"Wednesday",20.9,0,1
2021-06-09 08:27:47,1289,1,"Wednesday",24.1,0,1
2021-06-09 14:54:59,1010,1,"Wednesday",24.1,0,3
2021-06-09 13:35:41,733,1,"Wednesday",24.1,0,3
2021-06-30 23:09:02,139,1,"Wednesday",23.4,31.7,3
2021-06-23 11:16:12,965,1,"Wednesday",14.5,0,3
2021-06-09 20:34:48,687,1,"Wednesday",24.1,0,3
2021-06-16 18:30:47,3699,1,"Wednesday",15.2,0,2
2021-06-30 18:58:06,974,1,"Wednesday",23.4,31.7,2
2021-06-16 15:21:23,681,1,"Wednesday",15.2,0,2
2021-06-30 18:43:15,1905,1,"Wednesday",23.4,31.7,2
2021-06-23 17:41:48,928,1,"Wednesday",14.5,0,2
2021-07-21 08:31:39,1879,1,"Wednesday",20,1.5,1
2021-07-14 09:32:29,829,1,"Wednesday",24.2,0,1
2021-07-14 07:14:28,527,1,"Wednesday",24.2,0,1
2021-07-28 09:02:26,1067,1,"Wednesday",19.2,0,1
2021-07-07 08:38:10,952,1,"Wednesday",16.4,0,1
2021-07-28 22:51:19,804,1,"Wednesday",19.2,0,3
2021-07-07 20:43:59,329,1,"Wednesday",16.4,0,3
2021-07-07 22:56:27,964,1,"Wednesday",16.4,0,3
2021-07-07 23:25:06,801,1,"Wednesday",16.4,0,3
2021-07-21 13:30:52,340,1,"Wednesday",20,1.5,3
2021-07-14 15:07:49,273,1,"Wednesday",24.2,0,2
2021-07-14 16:42:08,448,1,"Wednesday",24.2,0,2
2021-07-14 16:56:04,1147,1,"Wednesday",24.2,0,2
2021-07-14 16:15:06,161,1,"Wednesday",24.2,0,2
2021-07-21 16:10:09,299,1,"Wednesday",20,1.5,2
2021-08-11 09:29:21,690,1,"Wednesday",27,5,1
2021-08-11 07:11:07,2569,1,"Wednesday",27,5,1
2021-08-18 07:47:37,540,1,"Wednesday",25.4,0,1
2021-08-18 09:26:41,988,1,"Wednesday",25.4,0,1
2021-08-18 07:36:08,956,1,"Wednesday",25.4,0,1
2021-08-04 23:42:08,5442,1,"Wednesday",21.1,0.2,3
2021-08-18 12:49:16,515,1,"Wednesday",25.4,0,3
2021-08-18 20:37:30,558,1,"Wednesday",25.4,0,3
2021-08-04 00:32:16,664,1,"Wednesday",21.1,0.2,3
2021-08-11 23:57:44,1189,1,"Wednesday",27,5,3
2021-08-25 18:31:01,700,1,"Wednesday",26.6,0,2
2021-08-04 18:17:20,534,1,"Wednesday",21.1,0.2,2
2021-08-04 17:41:25,626,1,"Wednesday",21.1,0.2,2
2021-08-18 15:35:31,303,1,"Wednesday",25.4,0,2
2021-08-25 18:36:03,1832,1,"Wednesday",26.6,0,2
2021-09-08 08:22:44,298,1,"Wednesday",18.6,1,1
2021-09-15 06:52:21,479,1,"Wednesday",17.6,11.1,1
2021-09-01 08:04:11,717,1,"Wednesday",18,0,1
2021-09-29 08:15:35,333,1,"Wednesday",11.2,0,1
2021-09-08 09:50:17,1536,1,"Wednesday",18.6,1,1
2021-09-08 19:41:52,576,1,"Wednesday",18.6,1,3
2021-09-29 19:29:01,696,1,"Wednesday",11.2,0,3
2021-09-29 12:49:51,180,1,"Wednesday",11.2,0,3
2021-09-01 00:50:35,572,1,"Wednesday",18,0,3
2021-09-22 10:06:00,273,1,"Wednesday",20.8,0.2,3
2021-09-08 15:46:39,687,1,"Wednesday",18.6,1,2
2021-09-01 15:46:44,205,1,"Wednesday",18,0,2
2021-09-15 18:57:13,238,1,"Wednesday",17.6,11.1,2
2021-09-22 15:16:29,1128,1,"Wednesday",20.8,0.2,2
2021-09-22 17:12:47,595,1,"Wednesday",20.8,0.2,2
2021-10-13 08:57:08,465,1,"Wednesday",16.7,0,1
2021-10-27 08:43:24,298,1,"Wednesday",9.6,0,1
2021-10-27 09:05:35,476,1,"Wednesday",9.6,0,1
2021-10-06 09:44:21,894,1,"Wednesday",14.3,0,1
2021-10-13 08:01:32,535,1,"Wednesday",16.7,0,1
2021-10-06 19:59:05,1113,1,"Wednesday",14.3,0,3
2021-10-20 21:25:24,1813,1,"Wednesday",11.8,0,3
2021-10-27 22:12:14,192,1,"Wednesday",9.6,0,3
2021-10-06 20:11:01,2189,1,"Wednesday",14.3,0,3
2021-10-13 13:07:02,318,1,"Wednesday",16.7,0,3
2021-10-20 17:13:54,908,1,"Wednesday",11.8,0,2
2021-10-20 16:06:59,438,1,"Wednesday",11.8,0,2
2021-10-13 18:09:52,1021,1,"Wednesday",16.7,0,2
2021-10-27 16:04:19,312,1,"Wednesday",9.6,0,2
2021-10-27 18:20:31,477,1,"Wednesday",9.6,0,2
